Company,Status,Exact Matches,Related Matches
3DFS LLC,Blocked by CAPTCHA,,
3rd Rock Sunblock Inc,Blocked by CAPTCHA,,
410 Medical Inc,Blocked by CAPTCHA,,
908 Devices Inc,Blocked by CAPTCHA,,
AcceptU,Blocked by CAPTCHA,,
AccuNovo Biotechnologies Inc,Blocked by CAPTCHA,,
Acta Solutions LLC,Blocked by CAPTCHA,,
Adamas Nanotechnologies,Blocked by CAPTCHA,,
Adaptyx Biosciences,Blocked by CAPTCHA,,
Advance Access & Delivery,Blocked by CAPTCHA,,
Advanced Cochlear Diagnostics LLC,No exact match,,"ADVANCE ACCESS & DELIVERY, INC. [inactive] - https://opencorporates.com/companies/us_ca/4594371; Advance Access & Delivery Inc. [unknown] - https://opencorporates.com/companies/us_nc/1454023; California (US) [unknown] - https://opencorporates.com/companies/us_ca?q=Advance+Access+%26+Delivery; North Carolina (US) [unknown] - https://opencorporates.com/companies/us_nc?q=Advance+Access+%26+Delivery"
Advanced Nutrigenomics,unknown,ADVANCED NUTRIGENOMICS LLC [unknown] - https://opencorporates.com/companies/us_nc/1358634,North Carolina (US) [unknown] - https://opencorporates.com/companies/us_nc?q=Advanced+Nutrigenomics
